{
  "format_version": "1.8.0",
  "geometry.bat": {

    "visible_bounds_width": 1,
    "visible_bounds_height": 1,
    "visible_bounds_offset": [ 0, 0.5, 0 ],
    "bones": [
      {
        "name": "head",
        "pivot": [ 0.0, 24.0, 0.0 ],
        "cubes": [
          {
            "origin": [ -3.0, 21.0, -3.0 ],
            "size": [ 6, 6, 6 ],
            "uv": [ 0, 0 ]
          }
        ]
      },
      {
        "name": "rightEar",
        "pivot": [ 0.0, 24.0, 0.0 ],
        "cubes": [
          {
            "origin": [ -4.0, 26.0, -2.0 ],
            "size": [ 3, 4, 1 ],
            "uv": [ 24, 0 ]
          }
        ],
        "parent": "head"
      },
      {
        "name": "leftEar",
        "mirror": true,
        "pivot": [ 0.0, 24.0, 0.0 ],
        "cubes": [
          {
            "origin": [ 1.0, 26.0, -2.0 ],
            "size": [ 3, 4, 1 ],
            "uv": [ 24, 0 ]
          }
        ],
        "parent": "head"
      },
      {
        "name": "body",
        "pivot": [ 0.0, 24.0, 0.0 ],
        "cubes": [
          {
            "origin": [ -3.0, 8.0, -3.0 ],
            "size": [ 6, 12, 6 ],
            "uv": [ 0, 16 ]
          },
          {
            "origin": [ -5.0, -8.0, 0.0 ],
            "size": [ 10, 16, 1 ],
            "uv": [ 0, 34 ]
          }
        ]
      },
      {
        "name": "rightWing",
        "pivot": [ 0.0, 24.0, 0.0 ],
        "cubes": [
          {
            "origin": [ -12.0, 7.0, 1.5 ],
            "size": [ 10, 16, 1 ],
            "uv": [ 42, 0 ]
          }
        ],
        "parent": "body"
      },
      {
        "name": "rightWingTip",
        "pivot": [ -12.0, 23.0, 1.5 ],
        "cubes": [
          {
            "origin": [ -20.0, 10.0, 1.5 ],
            "size": [ 8, 12, 1 ],
            "uv": [ 24, 16 ]
          }
        ],
        "parent": "rightWing"
      },
      {
        "name": "leftWing",
        "mirror": true,
        "pivot": [ 0.0, 24.0, 0.0 ],
        "cubes": [
          {
            "origin": [ 2.0, 7.0, 1.5 ],
            "size": [ 10, 16, 1 ],
            "uv": [ 42, 0 ]
          }
        ],
        "parent": "body"
      },
      {
        "name": "leftWingTip",
        "mirror": true,
        "pivot": [ 12.0, 23.0, 1.5 ],
        "cubes": [
          {
            "origin": [ 12.0, 10.0, 1.5 ],
            "size": [ 8, 12, 1 ],
            "uv": [ 24, 16 ]
          }
        ],
        "parent": "leftWing"
      }
    ]
  }
}