{
  "format_version": "1.8.0",
  "geometry.creeper.v1.8": {
    "visible_bounds_width": 1,
    "visible_bounds_height": 2,
    "visible_bounds_offset": [ 0, 0.75, 0 ],
    "texturewidth": 64,
    "textureheight": 32,
    "bones": [
      {
        "name": "body",
        "cubes": [
          {
            "origin": [ -4.0, 6.0, -2.0 ],
            "size": [ 8, 12, 4 ],
            "uv": [ 16, 16 ]
          }
        ]        
      },
      {
        "name": "head",
        "parent": "body",
        "pivot": [ 0.0, 18.0, 0.0 ],
        "cubes": [
          {
            "origin": [ -4.0, 18.0, -4.0 ],
            "size": [ 8, 8, 8 ],
            "uv": [ 0, 0 ]
          }
        ]
      },
      {
        "name": "leg0",
        "parent": "body",
        "pivot": [ -2.0, 6.0, 4.0 ],
        "cubes": [
          {
            "origin": [ -4.0, 0.0, 2.0 ],
            "size": [ 4, 6, 4 ],
            "uv": [ 0, 16 ]
          }
        ]
      },
      {
        "name": "leg1",
        "parent": "body",
        "pivot": [ 2.0, 6.0, 4.0 ],
        "cubes": [
          {
            "origin": [ 0.0, 0.0, 2.0 ],
            "size": [ 4, 6, 4 ],
            "uv": [ 0, 16 ]
          }
        ]
      },
      {
        "name": "leg2",
        "parent": "body",
        "pivot": [ -2.0, 6.0, -4.0 ],
        "cubes": [
          {
            "origin": [ -4.0, 0.0, -6.0 ],
            "size": [ 4, 6, 4 ],
            "uv": [ 0, 16 ]
          }
        ]
      },
      {
        "name": "leg3",
        "parent": "body",
        "pivot": [ 2.0, 6.0, -4.0 ],
        "cubes": [
          {
            "origin": [ 0.0, 0.0, -6.0 ],
            "size": [ 4, 6, 4 ],
            "uv": [ 0, 16 ]
          }
        ]
      }
    ]
  },
  "geometry.creeper.charged.v1.8": {
    "visible_bounds_width": 1,
    "visible_bounds_height": 2,
    "visible_bounds_offset": [ 0, 0.75, 0 ],
    "texturewidth": 64,
    "textureheight": 32,
    "bones": [
      {
        "name": "body",
        "cubes": [
          {
            "origin": [ -4.0, 6.0, -2.0 ],
            "size": [ 8, 12, 4 ],
            "uv": [ 16, 16 ]
          }
        ],        
        "inflate": 2.0
      },
      {
        "name": "head",
        "parent": "body",
        "pivot": [ 0.0, 18.0, 0.0 ],
        "cubes": [
          {
            "origin": [ -4.0, 18.0, -4.0 ],
            "size": [ 8, 8, 8 ],
            "uv": [ 0, 0 ]
          }
        ],
        "inflate": 2.0
      },
      {
        "name": "leg0",
        "parent": "body",
        "pivot": [ -2.0, 6.0, 4.0 ],
        "cubes": [
          {
            "origin": [ -4.0, 0.0, 2.0 ],
            "size": [ 4, 6, 4 ],
            "uv": [ 0, 16 ]
          }
        ],
        "inflate": 2.0
      },
      {
        "name": "leg1",
        "parent": "body",
        "pivot": [ 2.0, 6.0, 4.0 ],
        "cubes": [
          {
            "origin": [ 0.0, 0.0, 2.0 ],
            "size": [ 4, 6, 4 ],
            "uv": [ 0, 16 ]
          }
        ],
        "inflate": 2.0
      },
      {
        "name": "leg2",
        "parent": "body",
        "pivot": [ -2.0, 6.0, -4.0 ],
        "cubes": [
          {
            "origin": [ -4.0, 0.0, -6.0 ],
            "size": [ 4, 6, 4 ],
            "uv": [ 0, 16 ]
          }
        ],
        "inflate": 2.0        
      },
      {
        "name": "leg3",
        "parent": "body",
        "pivot": [ 2.0, 6.0, -4.0 ],
        "cubes": [
          {
            "origin": [ 0.0, 0.0, -6.0 ],
            "size": [ 4, 6, 4 ],
            "uv": [ 0, 16 ]
          }
        ],
        "inflate": 2.0
      }
    ]
  }
}