{
  "format_version": "1.16.0",
  "minecraft:geometry": [
    {
      "description": {
        "identifier": "geometry.zombie.drowned",
        "texture_width": 64,
        "texture_height": 64,
        "visible_bounds_width": 2.5,
        "visible_bounds_height": 2.5,
        "visible_bounds_offset": [ 0, 1.25, 0 ]
      },
      "bones": [
        {
          "name": "root",
          "pivot": [ 0.0, 24.0, 0.0 ]
        },
        {
          "name": "body",
          "parent": "waist",
          "pivot": [ 0.0, 24.0, 0.0 ],
          "cubes": [
            {
              "origin": [ -4.0, 12.0, -2.0 ],
              "size": [ 8.0, 12.0, 4.0 ],
              "uv": [ 16, 16 ]
            }
          ]
        },
        {
          "name": "jacket",
          "parent": "body",
          "pivot": [ 0.0, 24.0, 0.0 ],
          "cubes": [
            {
              "origin": [ -4.0, 12.0, -2.0 ],
              "size": [ 8.0, 12.0, 4.0 ],
              "uv": [ 16, 32 ],
              "inflate": 0.5
            }
          ]
        },
        {
          "name": "head",
          "parent": "root",
          "pivot": [ 0.0, 24.0, 0.0 ],
          "cubes": [
            {
              "origin": [ -4.0, 24.0, -4.0 ],
              "size": [ 8.0, 8.0, 8.0 ],
              "uv": [ 0, 0 ],
              "inflate": 0.5
            }
          ]
        },
        {
          "name": "hat",
          "parent": "root",
          "pivot": [ 0.0, 24.0, 0.0 ],
          "cubes": [
            {
              "origin": [ -4.0, 24.0, -4.0 ],
              "size": [ 8.0, 8.0, 8.0 ],
              "uv": [ 32, 0 ],
              "inflate": 1.0
            }
          ]
        },
        {
          "name": "rightArm",
          "parent": "root",
          "pivot": [ -5.0, 22.0, 0.0 ],
          "cubes": [
            {
              "origin": [ -7.0, 12.0, -2.0 ],
              "size": [ 4.0, 12.0, 4.0 ],
              "uv": [ 0, 16 ]
            }
          ]
        },
        {
          "name": "leftArm",
          "parent": "root",
          "pivot": [ 5.0, 22.0, 0.0 ],
          "cubes": [
            {
              "origin": [ 4.0, 12.0, -2.0 ],
              "size": [ 4.0, 12.0, 4.0 ],
              "uv": [ 40, 16 ],
              "mirror": true
            }
          ]
        },
        {
          "name": "rightSleeve",
          "parent": "rightArm",
          "pivot": [ -5.0, 22.0, 0.0 ],
          "cubes": [
            {
              "origin": [ -7.0, 12.0, -2.0 ],
              "size": [ 4.0, 12.0, 4.0 ],
              "uv": [ 48, 48 ],
              "inflate": 0.5
            }
          ]
        },
        {
          "name": "leftSleeve",
          "parent": "leftArm",
          "pivot": [ 5.0, 22.0, 0.0 ],
          "cubes": [
            {
              "origin": [ 4.0, 12.0, -2.0 ],
              "size": [ 4.0, 12.0, 4.0 ],
              "uv": [ 40, 32 ],
              "inflate": 0.5,
              "mirror": true
            }
          ]
        },
        {
          "name": "rightLeg",
          "parent": "root",
          "pivot": [ -1.9, 12.0, 0.0 ],
          "cubes": [
            {
              "origin": [ -4.05, 0.0, -2.0 ],
              "size": [ 4.0, 12.0, 4.0 ],
              "uv": [ 16, 48 ]
            }
          ]
        },
        {
          "name": "leftLeg",
          "parent": "root",
          "pivot": [ 1.9, 12.0, 0.0 ],
          "cubes": [
            {
              "origin": [ 0.05, 0.0, -2.0 ],
              "size": [ 4.0, 12.0, 4.0 ],
              "uv": [ 32, 48 ],
              "mirror": true
            }
          ]
        },
        {
          "name": "rightPants",
          "parent": "rightLeg",
          "pivot": [ -1.9, 12.0, 0.0 ],
          "cubes": [
            {
              "origin": [ -4.25, 0.0, -2.0 ],
              "size": [ 4.0, 12.0, 4.0 ],
              "uv": [ 0, 48 ],
              "inflate": 0.25
            }
          ]
        },
        {
          "name": "leftPants",
          "parent": "leftLeg",
          "pivot": [ 1.9, 12.0, 0.0 ],
          "cubes": [
            {
              "origin": [ 0.25, 0.0, -2.0 ],
              "size": [ 4.0, 12.0, 4.0 ],
              "uv": [ 0, 32 ],
              "inflate": 0.25,
              "mirror": true
            }
          ]
        },
        {
          "name": "waist",
          "parent": "root",
          "pivot": [ 0.0, 12.0, 0.0 ]
        },
        {
          "name": "rightItem",
          "parent": "rightArm",
          "pivot": [ -6.0, 15.0, 1.0 ]
        },
        {
          "name": "leftItem",
          "parent": "leftArm",
          "pivot": [ 6.0, 15.0, 1.0 ]
        }
      ]
    }
  ]
}
