{
  "format_version": "1.8.0",
  "geometry.enderman:geometry.humanoid": {
    "visible_bounds_width": 1.5,
    "visible_bounds_height": 3,
    "visible_bounds_offset": [ 0, 1.5, 0 ],
    "texturewidth": 64,
    "textureheight": 32,

    "bones": [
      {
        "name": "hat",
        "reset": true,
        "parent": "head",
        "pivot": [ 0.0, 38.0, 0.0 ],
        "cubes": [
          {
            "origin": [ -4.0, 38.0, -4.0 ],
            "size": [ 8, 8, 8 ],
            "uv": [ 0, 16 ],
            "inflate": -0.5
          }
        ],
        "neverRender": false
      },

      {
        "name": "head",
        "pivot": [ 0.0, 24.0, 0.0 ]
      },

      {
        "name": "body",
        "reset": true,
        "pivot": [ 0.0, 38.0, 0.0 ],
        "cubes": [
          {
            "origin": [ -4.0, 26.0, -2.0 ],
            "size": [ 8, 12, 4 ],
            "uv": [ 32, 16 ]
          }
        ]
      },

      {
        "name": "rightArm",
        "reset": true,
        "pivot": [ -3.0, 36.0, 0.0 ],
        "cubes": [
          {
            "origin": [ -4.0, 8.0, -1.0 ],
            "size": [ 2, 30, 2 ],
            "uv": [ 56, 0 ]
          }
        ]
      },

      {
        "name": "leftArm",
        "reset": true,
        "mirror": true,
        "pivot": [ 5.0, 36.0, 0.0 ],
        "cubes": [
          {
            "origin": [ 4.0, 8.0, -1.0 ],
            "size": [ 2, 30, 2 ],
            "uv": [ 56, 0 ]
          }
        ]
      },

      {
        "name": "rightLeg",
        "reset": true,
        "pivot": [ -2.0, 26.0, 0.0 ],
        "cubes": [
          {
            "origin": [ -3.0, -4.0, -1.0 ],
            "size": [ 2, 30, 2 ],
            "uv": [ 56, 0 ]
          }
        ]
      },

      {
        "name": "leftLeg",
        "reset": true,
        "mirror": true,
        "pivot": [ 2.0, 26.0, 0.0 ],
        "cubes": [
          {
            "origin": [ 1.0, -4.0, -1.0 ],
            "size": [ 2, 30, 2 ],
            "uv": [ 56, 0 ]
          }
        ]
      }
    ]
  }
}