{
    "format_version": "1.12.0",
    "minecraft:geometry": [
        {
            "description": {
                "identifier": "geometry.goat",
                "texture_width": 64,
                "texture_height": 64,
                "visible_bounds_width": 2,
                "visible_bounds_height": 1.8,
                "visible_bounds_offset": [ 0, 0.5, 0 ]
            },
            "bones": [
                {
                    "name": "left_back_leg",
                    "pivot": [ 1, 10, 4 ],
                    "cubes": [
                        {
                            "origin": [ 1, 0, 4 ],
                            "size": [ 3, 6, 3 ],
                            "uv": [ 36, 29 ]
                        }
                    ]
                },
                {
                    "name": "right_back_leg",
                    "pivot": [ -3, 10, 4 ],
                    "cubes": [
                        {
                            "origin": [ -3, 0, 4 ],
                            "size": [ 3, 6, 3 ],
                            "uv": [ 49, 29 ]
                        }
                    ]
                },
                {
                    "name": "right_front_leg",
                    "pivot": [ -3, 10, -6 ],
                    "cubes": [
                        {
                            "origin": [ -3, 0, -6 ],
                            "size": [ 3, 10, 3 ],
                            "uv": [ 49, 2 ]
                        }
                    ]
                },
                {
                    "name": "left_front_leg",
                    "pivot": [ 1, 10, -6 ],
                    "cubes": [
                        {
                            "origin": [ 1, 0, -6 ],
                            "size": [ 3, 10, 3 ],
                            "uv": [ 35, 2 ]
                        }
                    ]
                },
                {
                    "name": "body",
                    "pivot": [ 0, 0, 0 ],
                    "cubes": [
                        {
                            "origin": [ -4, 6, -7 ],
                            "size": [ 9, 11, 16 ],
                            "uv": [ 1, 1 ]
                        },
                        {
                            "origin": [ -5, 4, -8 ],
                            "size": [ 11, 14, 11 ],
                            "uv": [ 0, 28 ]
                        }
                    ],
                    "locators": {
                      "lead": [ 0, 20, -5 ]
                    }
                },
                {
                    "name": "head",
                    "pivot": [ 0.5, 17, -8 ],
                    "cubes": [
                        {
                            "origin": [ -2, 15, -16 ],
                            "size": [ 5, 7, 10 ],
                            "pivot": [ 1, 18, -8 ],
                            "rotation": [ 55, 0, 0 ],
                            "uv": [ 34, 46 ]
                        },
                        {
                            "origin": [ 3, 19, -10 ],
                            "size": [ 3, 2, 1 ],
                            "uv": [ 2, 61 ],
                            "mirror": true
                        },
                        {
                            "origin": [ -5, 19, -10 ],
                            "size": [ 3, 2, 1 ],
                            "uv": [ 2, 61 ]
                        },
                        {
                            "origin": [ 0.5, 6, -14 ],
                            "size": [ 0, 7, 5 ],
                            "uv": [ 23, 52 ]
                        }
                    ]
                },
                {
                    "name": "right_horn",
                    "parent": "head",
                    "pivot": [ 1, 18, -8 ],
                    "cubes": [
                        {
                            "origin": [ -1.99, 19, -10 ],
                            "size": [ 2, 7, 2 ],
                            "uv": [ 12, 55 ]
                        }
                    ]
                },
                {
                    "name": "left_horn",
                    "parent": "head",
                    "pivot": [ 1, 18, -8 ],
                    "cubes": [
                        {
                            "origin": [ 0.99, 19, -10 ],
                            "size": [ 2, 7, 2 ],
                            "uv": [ 12, 55 ]
                        }
                    ]
                }
            ]
        }
    ]
}
