{
  "format_version": "1.8.0",
  "geometry.guardian.v1.8": {
    "visible_bounds_width": 3.5,
    "visible_bounds_height": 2,
    "visible_bounds_offset": [ 0, 0.5, 0 ],
    "texturewidth": 64,
    "textureheight": 64,
    "bones": [
      {
        "name": "head",
        "pivot": [ 0.0, 0.0, 0.0 ],
        "mirror": true,
        "cubes": [
          {
            "mirror": false,
            "origin": [ -6.0, 2.0, -8.0 ],
            "size": [ 12.0, 12.0, 16.0 ],
            "uv": [ 0, 0 ]
          },
          {
            "mirror": false,
            "origin": [ -8.0, 2.0, -6.0 ],
            "size": [ 2.0, 12.0, 12.0 ],
            "uv": [ 0, 28 ]
          },
          {
            "origin": [ 6.0, 2.0, -6.0 ],
            "size": [ 2.0, 12.0, 12.0 ],
            "uv": [ 0, 28 ]
          },
          {
            "origin": [ -6.0, 14.0, -6.0 ],
            "size": [ 12.0, 2.0, 12.0 ],
            "uv": [ 16, 40 ]
          },
          {
            "origin": [ -6.0, 0.0, -6.0 ],
            "size": [ 12.0, 2.0, 12.0 ],
            "uv": [ 16, 40 ]
          }
        ]
      },
      {
        "name": "eye",
        "parent": "head",
        "pivot": [ 0.0, 24.0, 0.0 ],
        "cubes": [
          {
            "origin": [ -1.0, 6.0, 0.0 ],
            "size": [ 2.0, 2.0, 1.0 ],
            "uv": [ 8, 0 ]
          }
        ]
      },
      {
        "name": "tailpart0",
        "parent": "head",
        "pivot": [ 0.0, 24.0, 0.0 ],
        "cubes": [
          {
            "origin": [ -2.0, 6.0, 7.0 ],
            "size": [ 4.0, 4.0, 8.0 ],
            "uv": [ 40, 0 ]
          }
        ]
      },
      {
        "name": "tailpart1",
        "parent": "tailpart0",
        "pivot": [ 0.0, 24.0, 0.0 ],
        "cubes": [
          {
            "origin": [ 0.0, 7.0, 0.0 ],
            "size": [ 3.0, 3.0, 7.0 ],
            "uv": [ 0, 54 ]
          }
        ]
      },
      {
        "name": "tailpart2",
        "parent": "tailpart1",
        "pivot": [ 0.0, 24.0, 0.0 ],
        "cubes": [
          {
            "origin": [ 0.0, 8.0, 0.0 ],
            "size": [ 2.0, 2.0, 6.0 ],
            "uv": [ 41, 32 ]
          },
          {
            "origin": [ 1.0, 4.5, 3.0 ],
            "size": [ 1.0, 9.0, 9.0 ],
            "uv": [ 25, 19 ]
          }
        ]
      },
      {
        "name": "spikepart0",
        "parent": "head",
        "pivot": [ 0.0, 24.0, 0.0 ],
        "cubes": [
          {
            "origin": [ -1.0, 19.5, -1.0 ],
            "size": [ 2.0, 9.0, 2.0 ],
            "uv": [ 0, 0 ]
          }
        ]
      },
      {
        "name": "spikepart1",
        "parent": "head",
        "pivot": [ 0.0, 24.0, 0.0 ],
        "cubes": [
          {
            "origin": [ -1.0, 19.5, -1.0 ],
            "size": [ 2.0, 9.0, 2.0 ],
            "uv": [ 0, 0 ]
          }
        ]
      },
      {
        "name": "spikepart2",
        "parent": "head",
        "pivot": [ 0.0, 24.0, 0.0 ],
        "cubes": [
          {
            "origin": [ -1.0, 19.5, -1.0 ],
            "size": [ 2.0, 9.0, 2.0 ],
            "uv": [ 0, 0 ]
          }
        ]
      },
      {
        "name": "spikepart3",
        "parent": "head",
        "pivot": [ 0.0, 24.0, 0.0 ],
        "cubes": [
          {
            "origin": [ -1.0, 19.5, -1.0 ],
            "size": [ 2.0, 9.0, 2.0 ],
            "uv": [ 0, 0 ]
          }
        ]
      },
      {
        "name": "spikepart4",
        "parent": "head",
        "pivot": [ 0.0, 24.0, 0.0 ],
        "cubes": [
          {
            "origin": [ -1.0, 19.5, -1.0 ],
            "size": [ 2.0, 9.0, 2.0 ],
            "uv": [ 0, 0 ]
          }
        ]
      },
      {
        "name": "spikepart5",
        "parent": "head",
        "pivot": [ 0.0, 24.0, 0.0 ],
        "cubes": [
          {
            "origin": [ -1.0, 19.5, -1.0 ],
            "size": [ 2.0, 9.0, 2.0 ],
            "uv": [ 0, 0 ]
          }
        ]
      },
      {
        "name": "spikepart6",
        "parent": "head",
        "pivot": [ 0.0, 24.0, 0.0 ],
        "cubes": [
          {
            "origin": [ -1.0, 19.5, -1.0 ],
            "size": [ 2.0, 9.0, 2.0 ],
            "uv": [ 0, 0 ]
          }
        ]
      },
      {
        "name": "spikepart7",
        "parent": "head",
        "pivot": [ 0.0, 24.0, 0.0 ],
        "cubes": [
          {
            "origin": [ -1.0, 19.5, -1.0 ],
            "size": [ 2.0, 9.0, 2.0 ],
            "uv": [ 0, 0 ]
          }
        ]
      },
      {
        "name": "spikepart8",
        "parent": "head",
        "pivot": [ 0.0, 24.0, 0.0 ],
        "cubes": [
          {
            "origin": [ -1.0, 19.5, -1.0 ],
            "size": [ 2.0, 9.0, 2.0 ],
            "uv": [ 0, 0 ]
          }
        ]
      },
      {
        "name": "spikepart9",
        "parent": "head",
        "pivot": [ 0.0, 24.0, 0.0 ],
        "cubes": [
          {
            "origin": [ -1.0, 19.5, -1.0 ],
            "size": [ 2.0, 9.0, 2.0 ],
            "uv": [ 0, 0 ]
          }
        ]
      },
      {
        "name": "spikepart10",
        "parent": "head",
        "pivot": [ 0.0, 24.0, 0.0 ],
        "cubes": [
          {
            "origin": [ -1.0, 19.5, -1.0 ],
            "size": [ 2.0, 9.0, 2.0 ],
            "uv": [ 0, 0 ]
          }
        ]
      },
      {
        "name": "spikepart11",
        "parent": "head",
        "pivot": [ 0.0, 24.0, 0.0 ],
        "cubes": [
          {
            "origin": [ -1.0, 19.5, -1.0 ],
            "size": [ 2.0, 9.0, 2.0 ],
            "uv": [ 0, 0 ]
          }
        ]
      }
    ]
  }
}