{
  "format_version": "1.8.0",
  "geometry.llamaspit": {
    "visible_bounds_width": 1,
    "visible_bounds_height": 1,
    "visible_bounds_offset": [ 0, 0.5, 0 ],
    "texturewidth": 64,
    "textureheight": 64,
    "bones": [
      {
        "name": "body",
        "pivot": [ 0.0, 24.0, 0.0 ],
        "cubes": [
          {
            "origin": [ -4.0, 22.0, 0.0 ],
            "size": [ 2.0, 2.0, 2.0 ],
            "uv": [ 0, 0 ]
          },
          {
            "origin": [ 0.0, 26.0, 0.0 ],
            "size": [ 2.0, 2.0, 2.0 ],
            "uv": [ 0, 0 ]
          },
          {
            "origin": [ 0.0, 22.0, -4.0 ],
            "size": [ 2.0, 2.0, 2.0 ],
            "uv": [ 0, 0 ]
          },
          {
            "origin": [ 0.0, 22.0, 0.0 ],
            "size": [ 2.0, 2.0, 2.0 ],
            "uv": [ 0, 0 ]
          },
          {
            "origin": [ 2.0, 22.0, 0.0 ],
            "size": [ 2.0, 2.0, 2.0 ],
            "uv": [ 0, 0 ]
          },
          {
            "origin": [ 0.0, 20.0, 0.0 ],
            "size": [ 2.0, 2.0, 2.0 ],
            "uv": [ 0, 0 ]
          },
          {
            "origin": [ 0.0, 22.0, 2.0 ],
            "size": [ 2.0, 2.0, 2.0 ],
            "uv": [ 0, 0 ]
          }
        ]
      }
    ]
  }
}