{
  "format_version": "1.8.0",
  "geometry.lavaslime": {
    "visible_bounds_width": 2.5,
    "visible_bounds_height": 5,
    "visible_bounds_offset": [ 0, 2.5, 0 ],
    "texturewidth": 64,
    "textureheight": 32,
    "bones": [
      {
        "name": "bodyCube_0",
        "parent": "insideCube",
        "pivot": [ 0.0, 24.0, 0.0 ],
        "cubes": [
          {
            "origin": [ -4.0, 7.0, -4.0 ],
            "size": [ 8.0, 1.0, 8.0 ],
            "uv": [ 0, 0 ]
          }
        ]
      },
      {
        "name": "bodyCube_1",
        "parent": "insideCube",
        "pivot": [ 0.0, 24.0, 0.0 ],
        "cubes": [
          {
            "origin": [ -4.0, 6.0, -4.0 ],
            "size": [ 8.0, 1.0, 8.0 ],
            "uv": [ 0, 1 ]
          }
        ]
      },
      {
        "name": "bodyCube_2",
        "parent": "insideCube",
        "pivot": [ 0.0, 24.0, 0.0 ],
        "cubes": [
          {
            "origin": [ -4.0, 5.0, -4.0 ],
            "size": [ 8.0, 1.0, 8.0 ],
            "uv": [ 24, 10 ]
          }
        ]
      },
      {
        "name": "bodyCube_3",
        "parent": "insideCube",
        "pivot": [ 0.0, 24.0, 0.0 ],
        "cubes": [
          {
            "origin": [ -4.0, 4.0, -4.0 ],
            "size": [ 8.0, 1.0, 8.0 ],
            "uv": [ 24, 19 ]
          }
        ]
      },
      {
        "name": "bodyCube_4",
        "parent": "insideCube",
        "pivot": [ 0.0, 24.0, 0.0 ],
        "cubes": [
          {
            "origin": [ -4.0, 3.0, -4.0 ],
            "size": [ 8.0, 1.0, 8.0 ],
            "uv": [ 0, 4 ]
          }
        ]
      },
      {
        "name": "bodyCube_5",
        "parent": "insideCube",
        "pivot": [ 0.0, 24.0, 0.0 ],
        "cubes": [
          {
            "origin": [ -4.0, 2.0, -4.0 ],
            "size": [ 8.0, 1.0, 8.0 ],
            "uv": [ 0, 5 ]
          }
        ]
      },
      {
        "name": "bodyCube_6",
        "parent": "insideCube",
        "pivot": [ 0.0, 24.0, 0.0 ],
        "cubes": [
          {
            "origin": [ -4.0, 1.0, -4.0 ],
            "size": [ 8.0, 1.0, 8.0 ],
            "uv": [ 0, 6 ]
          }
        ]
      },
      {
        "name": "bodyCube_7",
        "parent": "insideCube",
        "pivot": [ 0.0, 24.0, 0.0 ],
        "cubes": [
          {
            "origin": [ -4.0, 0.0, -4.0 ],
            "size": [ 8.0, 1.0, 8.0 ],
            "uv": [ 0, 7 ]
          }
        ]
      },
      {
        "name": "insideCube",
        "pivot": [ 0.0, 0.0, 0.0 ],
        "cubes": [
          {
            "origin": [ -2.0, 2.0, -2.0 ],
            "size": [ 4.0, 4.0, 4.0 ],
            "uv": [ 0, 16 ]
          }
        ]
      }
    ]
  }
}