{
  "format_version": "1.12.0",
  "minecraft:geometry": [
    {
      "description": {
        "identifier": "geometry.minecart",
        "texture_width": 64,
        "texture_height": 32
      },
      "bones": [
        {
          "name": "root",
          "pivot": [ 0.0, 24, 0.0 ]
        },
        {
          "name": "bottom",
          "pivot": [ 0.0, 20.0, 0.0 ],
          "rotation": [ 90.0, 0.0, 0.0 ],
          "cubes": [
            {
              "origin": [ -10.0, 12.0, -1.0 ],
              "size": [ 20.0, 16.0, 2.0 ],
              "uv": [ 0.0, 10.0 ]
            }
          ],
          "parent": "root"
        },
        {
          "name": "back",
          "pivot": [ -9.0, 20.0, 0.0 ],
          "rotation": [ 0.0, 270.0, 0.0 ],
          "cubes": [
            {
              "origin": [ -17.0, 21.0, -1.0 ],
              "size": [ 16.0, 8.0, 2.0 ],
              "uv": [ 0.0, 0.0 ]
            }
          ],
          "parent": "root"
        },
        {
          "name": "front",
          "pivot": [ 9.0, 20.0, 0.0 ],
          "rotation": [ 0.0, 90.0, 0.0 ],
          "cubes": [
            {
              "origin": [ 1.0, 21.0, -1.0 ],
              "size": [ 16.0, 8.0, 2.0 ],
              "uv": [ 0.0, 0.0 ]
            }
          ],
          "parent": "root"
        },
        {
          "name": "right",
          "pivot": [ 0.0, 20.0, -7.0 ],
          "rotation": [ 0.0, 180.0, 0.0 ],
          "cubes": [
            {
              "origin": [ -8.0, 21.0, -8.0 ],
              "size": [ 16.0, 8.0, 2.0 ],
              "uv": [ 0.0, 0.0 ]
            }
          ],
          "parent": "root"
        },
        {
          "name": "left",
          "pivot": [ 0.0, 20.0, 7.0 ],
          "cubes": [
            {
              "origin": [ -8.0, 21.0, 6.0 ],
              "size": [ 16.0, 8.0, 2.0 ],
              "uv": [ 0.0, 0.0 ]
            }
          ],
          "parent": "root"
        }
      ]
    }
  ]
}
