{
  "format_version": "1.8.0",
	"geometry.npc": {
    "visible_bounds_width": 1,
    "visible_bounds_height": 1,
    "visible_bounds_offset": [ 0, 0.5, 0 ],
    "texturewidth": 64,
    "textureheight": 64,
    "bones": [
      {
        "name": "head",
        "pivot": [ 0.0, 24.0, 0.0 ],
        "cubes": [
          {
            "origin": [ -4.0, 24.0, -4.0 ],
            "size": [ 8, 10, 8 ],
            "uv": [ 0, 0 ]
          }
        ],				
        "parent": "body"
      },
      {
        "name": "hat",
        "neverRender": false,
        "pivot": [ 0.0, 24.0, 0.0 ],
        "cubes": [
          {
            "origin": [ -4.0, 24.0, -4.0 ],
            "size": [ 8, 8, 8 ],
            "uv": [ 32, 0 ],
            "inflate": 0.5
          }
        ],
        "parent": "head"
      },
      {
        "name": "nose",
        "parent": "head",
        "pivot": [ 0.0, 26.0, 0.0 ],
        "cubes": [
          {
            "origin": [ -1.0, 23.0, -6.0 ],
            "size": [ 2, 4, 2 ],
            "uv": [ 24, 0 ]
          }
        ]
      },
      {
        "name": "body",
        "pivot": [ 0.0, 24.0, 0.0 ],
        "cubes": [
          {
            "origin": [ -4.0, 12.0, -3.0 ],
            "size": [ 8, 12, 6 ],
            "uv": [ 16, 20 ]
          },
          {
            "origin": [ -4.0, 6.0, -3.0 ],
            "size": [ 8, 18, 6 ],
            "uv": [ 0, 38 ],
            "inflate": 0.5
          }
        ]
      },
      {
        "name": "arms",
        "pivot": [ 0.0, 22.0, 0.0 ],
        "cubes": [
          {
            "origin": [ -4.0, 16.0, -2.0 ],
            "size": [ 8, 4, 4 ],
            "uv": [ 40, 38 ]
          },
          {
            "origin": [ -8.0, 16.0, -2.0 ],
            "size": [ 4, 8, 4 ],
            "uv": [ 44, 22 ]
          },
          {
            "origin": [ 4.0, 16.0, -2.0 ],
            "size": [ 4, 8, 4 ],
            "uv": [ 44, 46 ]
          }
        ],
        "parent": "body"
      },
      {
        "name": "leg0",
        "pivot": [ -2.0, 12.0, 0.0 ],
        "cubes": [
          {
            "origin": [ -4.0, 0.0, -2.0 ],
            "size": [ 4, 12, 4 ],
            "uv": [ 0, 22 ]
          }
        ]
      },
      {
        "name": "leg1",
        "pivot": [ 2.0, 12.0, 0.0 ],
        "cubes": [
          {
            "origin": [ 0.0, 0.0, -2.0 ],
            "size": [ 4, 12, 4 ],
            "uv": [ 0, 22 ]
          }
        ]
      },
      {
        "name": "leftPants",
        "pivot": [ 1.9, 12.0, 0.0 ],
        "cubes": [
          {
            "origin": [ -0.1, 0.0, -2.0 ],
            "size": [ 4, 12, 4 ],
            "uv": [ 0, 48 ],
            "inflate": 0.25
          }
        ],
        "parent": "leg1"
      },

      {
        "name": "rightPants",
        "pivot": [ -1.9, 12.0, 0.0 ],
        "cubes": [
          {
            "origin": [ -3.9, 0.0, -2.0 ],
            "size": [ 4, 12, 4 ],
            "uv": [ 0, 32 ],
            "inflate": 0.25
          }
        ],
        "parent": "leg0"
      },
      {
        "name": "jacket",
        "pivot": [ 0.0, 24.0, 0.0 ],
        "cubes": [
          {
            "origin": [ -4.0, 12.0, -2.0 ],
            "size": [ 8, 12, 4 ],
            "uv": [ 16, 32 ],
            "inflate": 0.25
          }
        ],
        "parent": "body"
      }
    ]
  }
}