{
  "format_version": "1.8.0",
  "geometry.ocelot": {
    "visible_bounds_width": 2.5,
    "visible_bounds_height": 1,
    "visible_bounds_offset": [ 0, 0.5, 0 ],
    "texturewidth": 64,
    "textureheight": 32,
    "bones": [
      {
        "name": "head",
        "pivot": [ 0.0, 9.0, -9.0 ],
        "locators": {
          "lead": [ 0.0, 9.0, -9.0 ]
        },
        "cubes": [
          {
            "origin": [ -2.5, 7.0, -12.0 ],
            "size": [ 5, 4, 5 ],
            "uv": [ 0, 0 ]
          },
          {
            "origin": [ -1.5, 7.015625, -13.0 ],
            "size": [ 3, 2, 2 ],
            "uv": [ 0, 24 ]
          },
          {
            "origin": [ -2.0, 11.0, -9.0 ],
            "size": [ 1, 1, 2 ],
            "uv": [ 0, 10 ]
          },
          {
            "origin": [ 1.0, 11.0, -9.0 ],
            "size": [ 1, 1, 2 ],
            "uv": [ 6, 10 ]
          }
        ]
      },
      {
        "name": "body",
        "bind_pose_rotation": [ 90.0, 0.0, 0.0 ],
        "pivot": [ 0.0, 12.0, -10.0 ],
        "cubes": [
          {
            "origin": [ -2.0, -7.0, -18.0 ],
            "size": [ 4, 16, 6 ],
            "uv": [ 20, 0 ]
          }
        ]
      },
      {
        "name": "tail1",
        "pivot": [ 0.0, 9.0, 8.0 ],
        "cubes": [
          {
            "origin": [ -0.5, 1.0, 8.0 ],
            "size": [ 1, 8, 1 ],
            "uv": [ 0, 15 ]
          }
        ],
        "rotation": [ 50, 0, 0 ]
      },
      {
        "name": "tail2",
        "pivot": [ 0.0, 4.0, 13.0 ],
        "cubes": [
          {
            "origin": [ -0.5, -4.0, 13.0 ],
            "size": [ 1, 8, 1 ],
            "uv": [ 4, 15 ]
          }
        ]
      },
      {
        "name": "backLegL",
        "pivot": [ 1.1, 6.0, 5.0 ],
        "cubes": [
          {
            "origin": [ 0.1, 0.0, 6.0 ],
            "size": [ 2, 6, 2 ],
            "uv": [ 8, 13 ]
          }
        ]
      },
      {
        "name": "backLegR",
        "pivot": [ -1.1, 6.0, 5.0 ],
        "cubes": [
          {
            "origin": [ -2.1, 0.0, 6.0 ],
            "size": [ 2, 6, 2 ],
            "uv": [ 8, 13 ]
          }
        ]
      },
      {
        "name": "frontLegL",
        "pivot": [ 1.2, 10.2, -5.0 ],
        "cubes": [
          {
            "origin": [ 0.2, 0.2, -5.0 ],
            "size": [ 2, 10, 2 ],
            "uv": [ 40, 0 ]
          }
        ]
      },
      {
        "name": "frontLegR",
        "pivot": [ -1.2, 10.2, -5.0 ],
        "cubes": [
          {
            "origin": [ -2.2, 0.2, -5.0 ],
            "size": [ 2, 10, 2 ],
            "uv": [ 40, 0 ]
          }
        ]
      }
    ]
  }
}
