{
  "format_version": "1.8.0",
  "geometry.ravager": {
    "bones": [
      {
        "pivot": [
          0.0,
          19.0,
          2.0
        ],
        "rotation": [
          90.0,
          0.0,
          0.0
        ],
        "cubes": [
          {
            "origin": [
              -7.0,
              10.0,
              -2.0
            ],
            "size": [
              14.0,
              16.0,
              20.0
            ],
            "uv": [
              0.0,
              55.0
            ]
          },
          {
            "origin": [
              -6.0,
              -3.0,
              -2.0
            ],
            "size": [
              12.0,
              13.0,
              18.0
            ],
            "uv": [
              0.0,
              91.0
            ]
          }
        ],
        "name": "body"
      },
      {
        "pivot": [
          0.0,
          15.0,
          -10.0
        ],
        "cubes": [
          {
            "origin": [
              -8.0,
              13.0,
              -24.0
            ],
            "size": [
              16.0,
              3.0,
              16.0
            ],
            "uv": [
              0.0,
              36.0
            ]
          }
        ],
        "name": "mouth",
        "parent": "head"
      },
      {
        "pivot": [
          0.0,
          20.0,
          -20.0
        ],
        "cubes": [
          {
            "origin": [
              -5.0,
              21.0,
              -10.0
            ],
            "size": [
              10.0,
              10.0,
              18.0
            ],
            "uv": [
              68.0,
              73.0
            ]
          }
        ],
        "name": "neck"
      },
      {
        "locators": {
          "stun": [ 0.0, 32.0, -15.0 ]
        },
        "pivot": [
          0.0,
          28.0,
          -10.0
        ],
        "cubes": [
          {
            "origin": [
              -8.0,
              14.0,
              -24.0
            ],
            "size": [
              16.0,
              20.0,
              16.0
            ],
            "uv": [
              0.0,
              0.0
            ]
          },
          {
            "origin": [
              -2.0,
              12.0,
              -28.0
            ],
            "size": [
              4.0,
              8.0,
              4.0
            ],
            "uv": [
              0.0,
              0.0
            ]
          }
        ],
        "name": "head",
        "parent": "neck"
      },
      {
        "pivot": [
          -12.0,
          30.0,
          22.0
        ],
        "cubes": [
          {
            "origin": [
              -12.0,
              0.0,
              17.0
            ],
            "size": [
              8.0,
              37.0,
              8.0
            ],
            "uv": [
              96.0,
              0.0
            ]
          }
        ],
        "name": "leg0"
      },
      {
        "pivot": [
          4.0,
          30.0,
          22.0
        ],
        "cubes": [
          {
            "origin": [
              4.0,
              0.0,
              17.0
            ],
            "size": [
              8.0,
              37.0,
              8.0
            ],
            "uv": [
              96.0,
              0.0
            ]
          }
        ],
        "name": "leg1"
      },
      {
        "pivot": [
          -4.0,
          26.0,
          -4.0
        ],
        "cubes": [
          {
            "origin": [
              -12.0,
              0.0,
              -8.0
            ],
            "size": [
              8.0,
              37.0,
              8.0
            ],
            "uv": [
              64.0,
              0.0
            ]
          }
        ],
        "name": "leg2"
      },
      {
        "pivot": [
          -4.0,
          26.0,
          -4.0
        ],
        "cubes": [
          {
            "origin": [
              4.0,
              0.0,
              -8.0
            ],
            "size": [
              8.0,
              37.0,
              8.0
            ],
            "uv": [
              64.0,
              0.0
            ]
          }
        ],
        "name": "leg3"
      },
      {
        "pivot": [
          -5.0,
          27.0,
          -19.0
        ],
        "rotation": [
          60.0,
          0.0,
          0.0
        ],
        "cubes": [
          {
            "origin": [
              -10.0,
              27.0,
              -20.0
            ],
            "size": [
              2.0,
              14.0,
              4.0
            ],
            "uv": [
              74.0,
              55.0
            ]
          },
          {
            "origin": [
              8.0,
              27.0,
              -20.0
            ],
            "size": [
              2.0,
              14.0,
              4.0
            ],
            "uv": [
              74.0,
              55.0
            ]
          }
        ],
        "name": "horns",
        "parent": "head"
      }
    ],
    "texturewidth": 128,
    "textureheight": 128,
    "visible_bounds_width": 4.0,
    "visible_bounds_height": 3.5,
    "visible_bounds_offset": [ 0, 1.25, 0 ]
  }
}