{
  "format_version": "1.8.0",
  "geometry.shulker": {
    "visible_bounds_width": 3,
    "visible_bounds_height": 3,
    "visible_bounds_offset": [ 0, 0.5, 0 ],
    "texturewidth": 64,
    "textureheight": 64,
    "bones": [
      {
        "name": "lid",
        "pivot": [ 0.0, 0.0, 0.0 ],
        "rotation": [ 0.0, 0.0, 0.0 ],
        "cubes": [
          {
            "origin": [ -8.0, 4.0, -8.0 ],
            "size": [ 16.0, 12.0, 16.0 ],
            "uv": [ 0, 0 ]
          }
        ]
      },
      {
        "name": "base",
        "pivot": [ 0.0, 0.0, 0.0 ],
        "rotation": [ 0.0, 0.0, 0.0 ],
        "cubes": [
          {
            "origin": [ -8.0, 0.0, -8.0 ],
            "size": [ 16.0, 8.0, 16.0 ],
            "uv": [ 0, 28 ]
          }
        ]
      },
      {
        "name": "head",
        "pivot": [ 0.0, 12.0, 0.0 ],
        "rotation": [ 0.0, 0.0, 0.0 ],
        "cubes": [
          {
            "origin": [ -3.0, 6.0, -3.0 ],
            "size": [ 6.0, 6.0, 6.0 ],
            "uv": [ 0, 52 ]
          }
        ]
      }
    ]
  }
}