{
  "format_version": "1.10.0",
  "geometry.shulker_bullet": {
    "texturewidth": 64,
    "textureheight": 32,
    "bones": [
      {
        "name": "body",
        "pivot": [ 0.0, 0.0, 0.0 ],
        "cubes": [
          {
            "origin": [ -4.0, -4.0, -1.0 ],
            "size": [ 8, 8, 2 ],
            "uv": [ 0, 0 ]
          },
          {
            "origin": [ -1.0, -4.0, -4.0 ],
            "size": [ 2, 8, 8 ],
            "uv": [ 0, 10 ]
          },
          {
            "origin": [ -4.0, -1.0, -4.0 ],
            "size": [ 8, 2, 8 ],
            "uv": [ 20, 0 ]
          }
        ]
      }
    ]
  }
}
