{
  "format_version": "1.8.0",
  "geometry.silverfish": {
    "visible_bounds_width": 1.5,
    "visible_bounds_height": 1,
    "visible_bounds_offset": [ 0, 0.5, 0 ],
    "texturewidth": 64,
    "textureheight": 32,
    "bones": [
      {
        "name": "bodyPart_0",
        "parent": "bodyPart_2",
        "pivot": [ 0.0, 2.0, -3.5 ],
        "cubes": [
          {
            "origin": [ -1.5, 0.0, -4.5 ],
            "size": [ 3.0, 2.0, 2.0 ],
            "uv": [ 0, 0 ]
          }
        ]
      },
      {
        "name": "bodyPart_1",
        "parent": "bodyPart_2",
        "pivot": [ 0.0, 3.0, -1.5 ],
        "cubes": [
          {
            "origin": [ -2.0, 0.0, -2.5 ],
            "size": [ 4.0, 3.0, 2.0 ],
            "uv": [ 0, 4 ]
          }
        ]
      },
      {
        "name": "bodyPart_2",
        "pivot": [ 0.0, 4.0, 1.0 ],
        "cubes": [
          {
            "origin": [ -3.0, 0.0, -0.5 ],
            "size": [ 6.0, 4.0, 3.0 ],
            "uv": [ 0, 9 ]
          }
        ]
      },
      {
        "name": "bodyPart_3",
        "parent": "bodyPart_2",
        "pivot": [ 0.0, 3.0, 4.0 ],
        "cubes": [
          {
            "origin": [ -1.5, 0.0, 2.5 ],
            "size": [ 3.0, 3.0, 3.0 ],
            "uv": [ 0, 16 ]
          }
        ]
      },
      {
        "name": "bodyPart_4",
        "parent": "bodyPart_2",
        "pivot": [ 0.0, 2.0, 7.0 ],
        "cubes": [
          {
            "origin": [ -1.0, 0.0, 5.5 ],
            "size": [ 2.0, 2.0, 3.0 ],
            "uv": [ 0, 22 ]
          }
        ]
      },
      {
        "name": "bodyPart_5",
        "parent": "bodyPart_2",
        "pivot": [ 0.0, 1.0, 9.5 ],
        "cubes": [
          {
            "origin": [ -1.0, 0.0, 8.5 ],
            "size": [ 2.0, 1.0, 2.0 ],
            "uv": [ 11, 0 ]
          }
        ]
      },
      {
        "name": "bodyPart_6",
        "parent": "bodyPart_2",
        "pivot": [ 0.0, 1.0, 11.5 ],
        "cubes": [
          {
            "origin": [ -0.5, 0.0, 10.5 ],
            "size": [ 1.0, 1.0, 2.0 ],
            "uv": [ 13, 4 ]
          }
        ]
      },
      {
        "name": "bodyLayer_0",
        "parent": "bodyPart_2",
        "pivot": [ 0.0, 8.0, 1.0 ],
        "cubes": [
          {
            "origin": [ -5.0, 0.0, -0.5 ],
            "size": [ 10.0, 8.0, 3.0 ],
            "uv": [ 20, 0 ]
          }
        ]
      },
      {
        "name": "bodyLayer_1",
        "parent": "bodyPart_4",
        "pivot": [ 0.0, 4.0, 7.0 ],
        "cubes": [
          {
            "origin": [ -3.0, 0.0, 5.5 ],
            "size": [ 6.0, 4.0, 3.0 ],
            "uv": [ 20, 11 ]
          }
        ]
      },
      {
        "name": "bodyLayer_2",
        "parent": "bodyPart_1",
        "pivot": [ 0.0, 5.0, -1.5 ],
        "cubes": [
          {
            "origin": [ -3.0, 0.0, -3.0 ],
            "size": [ 6.0, 5.0, 2.0 ],
            "uv": [ 20, 18 ]
          }
        ]
      }
    ]
  }
}