{
  "format_version": "1.8.0",
  "geometry.slime": {
    "visible_bounds_width": 5,
    "visible_bounds_height": 2,
    "visible_bounds_offset": [ 0, 1, 0 ],
    "texturewidth": 64,
    "textureheight": 32,
    "bones": [
      {
        "name": "cube",
        "pivot": [ 0.0, 24.0, 0.0 ],
        "cubes": [
          {
            "origin": [ -3.0, 1.0, -3.0 ],
            "size": [ 6.0, 6.0, 6.0 ],
            "uv": [ 0, 16 ]
          }
        ]
      },
      {
        "name": "eye0",
        "parent": "cube",
        "pivot": [ 0.0, 24.0, 0.0 ],
        "cubes": [
          {
            "origin": [ -3.3, 4.0, -3.5 ],
            "size": [ 2.0, 2.0, 2.0 ],
            "uv": [ 32, 0 ]
          }
        ]
      },
      {
        "name": "eye1",
        "parent": "cube",
        "pivot": [ 0.0, 24.0, 0.0 ],
        "cubes": [
          {
            "origin": [ 1.3, 4.0, -3.5 ],
            "size": [ 2.0, 2.0, 2.0 ],
            "uv": [ 32, 4 ]
          }
        ]
      },
      {
        "name": "mouth",
        "parent": "cube",
        "pivot": [ 0.0, 24.0, 0.0 ],
        "cubes": [
          {
            "origin": [ 0.0, 2.0, -3.5 ],
            "size": [ 1.0, 1.0, 1.0 ],
            "uv": [ 32, 8 ]
          }
        ]
      }
    ]
  }
}