{
  "format_version": "1.8.0",
  "geometry.tripod_camera": {
    "texturewidth": 64,
    "textureheight": 32,
    "bones": [
      {
        "name": "body",
        "pivot": [ 0.0, 0.0, 0.0],
        "cubes": [
          {
            "origin": [ -4, -4, -5 ],
            "size": [ 8, 8, 10 ]
          }
        ]
      },
      {
        "name": "leg0",
        "parent": "body",
        "pivot": [ 0.0, -3.0, 0.0 ],
        "cubes": [
          {
            "origin": [ -0.5, -26, -0.5 ],
            "size": [ 1, 22, 1 ],
            "uv": [ 36.0, 0.0 ]
          }
        ]
      },
      {
        "name": "leg1",
        "parent": "body",
        "pivot": [ 0.0, -3.0, 0.0 ],
        "cubes": [
          {
            "origin": [ -0.5, -26, -0.5 ],
            "size": [ 1, 22, 1 ],
            "uv": [ 36.0, 0.0 ]
          }
        ]
      },
      {
        "name": "leg2",
        "parent": "body",
        "pivot": [ 0.0, -3.0, 0.0 ],
        "cubes": [
          {
            "origin": [ -0.5, -26, -0.5 ],
            "size": [ 1, 22, 1 ],
            "uv": [ 36.0, 0.0 ]
          }
        ]
      },
      {
        "name": "leg3",
        "parent": "body",
        "pivot": [ 0.0, -3.0, 0.0 ],
        "cubes": [
          {
            "origin": [ -0.5, -26, -0.5 ],
            "size": [ 1, 22, 1 ],
            "uv": [ 36.0, 0.0 ]
          }
        ]
      }
    ]
  }
}