{
  "format_version": "1.8.0",
  "geometry.vex:geometry.humanoid": {
    "visible_bounds_width": 1.5,
    "visible_bounds_height": 1,
    "visible_bounds_offset": [ 0, 0.5, 0 ],
    "texturewidth": 64,
    "textureheight": 64,
    "bones": [
      {
        "name": "head",
        "pivot": [ 0.0, 24.0, 0.0 ],
        "cubes": [
          {
            "origin": [ -4.0, 24.0, -4.0 ],
            "size": [ 8.0, 8.0, 8.0 ],
            "uv": [ 0, 0 ]
          }
        ]
      },
      {
        "name": "body",
        "pivot": [ 0.0, 24.0, 0.0 ],
        "cubes": [
          {
            "origin": [ -4.0, 12.0, -2.0 ],
            "size": [ 8.0, 12.0, 4.0 ],
            "uv": [ 16, 16 ]
          }
        ]
      },
      {
        "name": "rightArm",
        "pivot": [ -5.0, 22.0, 0.0 ],
        "cubes": [
          {
            "origin": [ -8.0, 12.0, -2.0 ],
            "size": [ 4.0, 12.0, 4.0 ],
            "uv": [ 40, 16 ]
          }
        ]
      },
      {
        "name": "rightItem",
        "pivot": [ -6, 13, 0 ],
        "neverRender": true,
        "parent": "rightarm"
      },
      {
        "name": "leftArm",
        "pivot": [ 5.0, 22.0, 0.0 ],
        "mirror": true,
        "cubes": [
          {
            "origin": [ 4.0, 12.0, -2.0 ],
            "size": [ 4.0, 12.0, 4.0 ],
            "uv": [ 40, 16 ]
          }
        ]
      },
      {
        "name": "leg0",
        "pivot": [ -1.9, 12.0, 0.0 ],
        "cubes": [
          {
            "origin": [ -3.9, 0.0, -2.0 ],
            "size": [ 4.0, 12.0, 4.0 ],
            "uv": [ 0, 16 ]
          },
          {
            "origin": [ -2.9, 3.0, -2.0 ],
            "size": [ 6.0, 10.0, 4.0 ],
            "uv": [ 32, 0 ]
          }
        ]
      },
      {
        "name": "leftwing",
        "pivot": [ 0.0, 24.0, 0.0 ],
        "mirror": true,
        "cubes": [
          {
            "origin": [ 0.0, 12.0, 0.0 ],
            "size": [ 20.0, 12.0, 1.0 ],
            "uv": [ 0, 32 ]
          }
        ]
      },
      {
        "name": "rightwing",
        "pivot": [ 0.0, 24.0, 0.0 ],
        "cubes": [
          {
            "origin": [ -20.0, 12.0, 0.0 ],
            "size": [ 20.0, 12.0, 1.0 ],
            "uv": [ 0, 32 ]
          }
        ]
      }
    ]
  }
}
