{
  "format_version": "1.8.0",
  "geometry.vindicator.v1.8": {
    "visible_bounds_width": 1.5,
    "visible_bounds_height": 2.5,
    "visible_bounds_offset": [ 0, 1.25, 0 ],
    "texturewidth": 64,
    "textureheight": 64,
    "bones": [
      {
        "name": "head",
        "parent": "body",
        "pivot": [ 0.0, 24.0, 0.0 ],
        "cubes": [
          {
            "origin": [ -4.0, 24.0, -4.0 ],
            "size": [ 8.0, 10.0, 8.0 ],
            "uv": [ 0, 0 ]
          }
        ]
      },
      {
        "name": "nose",
        "parent": "head",
        "pivot": [ 0.0, 26.0, 0.0 ],
        "cubes": [
          {
            "origin": [ -1.0, 23.0, -6.0 ],
            "size": [ 2.0, 4.0, 2.0 ],
            "uv": [ 24, 0 ]
          }
        ]
      },
      {
        "name": "body",
        "pivot": [ 0.0, 24.0, 0.0 ],
        "cubes": [
          {
            "origin": [ -4.0, 12.0, -3.0 ],
            "size": [ 8.0, 12.0, 6.0 ],
            "uv": [ 16, 20 ]
          },
          {
            "origin": [ -4.0, 6.0, -3.0 ],
            "size": [ 8.0, 18.0, 6.0 ],
            "uv": [ 0, 38 ],
            "inflate": 0.5
          }
        ]
      },
      {
        "name": "arms",
        "parent": "body",
        "pivot": [ 0.0, 22.0, 0.0 ],
        "cubes": [
          {
            "origin": [ -8.0, 16.0, -2.0 ],
            "size": [ 4.0, 8.0, 4.0 ],
            "uv": [ 44, 22 ]
          },
          {
            "origin": [ 4.0, 16.0, -2.0 ],
            "size": [ 4.0, 8.0, 4.0 ],
            "uv": [ 44, 22 ]
          },
          {
            "origin": [ -4.0, 16.0, -2.0 ],
            "size": [ 8.0, 4.0, 4.0 ],
            "uv": [ 40, 38 ]
          }
        ]
      },
      {
        "name": "leg0",
        "parent": "body",
        "pivot": [ -2.0, 12.0, 0.0 ],
        "cubes": [
          {
            "origin": [ -4.0, 0.0, -2.0 ],
            "size": [ 4.0, 12.0, 4.0 ],
            "uv": [ 0, 22 ]
          }
        ]
      },
      {
        "name": "leg1",
        "parent": "body",
        "pivot": [ 2.0, 12.0, 0.0 ],
        "mirror": true,
        "cubes": [
          {
            "origin": [ 0.0, 0.0, -2.0 ],
            "size": [ 4.0, 12.0, 4.0 ],
            "uv": [ 0, 22 ]
          }
        ]
      },
      {
        "name": "rightArm",
        "parent": "body",
        "pivot": [ -5.0, 22.0, 0.0 ],
        "cubes": [
          {
            "origin": [ -8.0, 12.0, -2.0 ],
            "size": [ 4.0, 12.0, 4.0 ],
            "uv": [ 40, 46 ]
          }
        ]
      },
      {
        "name": "rightItem",
        "pivot": [ -5.5, 16, 0.5 ],
        "neverRender": true,
        "parent": "rightArm"
      },
      {
        "name": "leftArm",
        "parent": "body",
        "pivot": [ 5.0, 22.0, 0.0 ],
        "mirror": true,
        "cubes": [
          {
            "origin": [ 4.0, 12.0, -2.0 ],
            "size": [ 4.0, 12.0, 4.0 ],
            "uv": [ 40, 46 ]
          }
        ]
      },
      {
        "name": "leftItem",
        "pivot": [ 6, 15.0, 1 ],
        "neverRender": true,
        "parent": "leftArm"
      }
    ]
  }
}