{
  "format_version": "1.8.0",
  "geometry.zombie.villager:geometry.humanoid": {
    "visible_bounds_width": 1.5,
    "visible_bounds_height": 2.5,
    "visible_bounds_offset": [ 0, 1.25, 0 ],
    "texturewidth": 64,
    "textureheight": 64,
    "bones": [
      {
        "name": "head",
        "reset": true,
        "pivot": [ 0.0, 24.0, 0.0 ],
        "cubes": [
          {
            "origin": [ -4.0, 24.0, -4.0 ],
            "size": [ 8, 10, 8 ],
            "uv": [ 0, 0 ],
            "inflate": 0.25
          },
          {
            "origin": [ -1.0, 23.0, -6.0 ],
            "size": [ 2, 4, 2 ],
            "uv": [ 24, 0 ],
            "inflate": 0.25
          }
        ]
      },
      {
        "name": "body",
        "reset": true,
        "pivot": [ 0.0, 24.0, 0.0 ],
        "cubes": [
          {
            "origin": [ -4.0, 12.0, -3.0 ],
            "size": [ 8, 12, 6 ],
            "uv": [ 16, 20 ]
          },
          {
            "origin": [ -4.0, 6.0, -3.0 ],
            "size": [ 8, 18, 6 ],
            "uv": [ 0, 38 ],
            "inflate": 0.5
          }
        ]
      },
      {
        "name": "waist",
        "neverRender": true,
        "pivot": [ 0.0, 12.0, 0.0 ]
      },
      {
        "name": "rightArm",
        "reset": true,
        "pivot": [ -5.0, 22.0, 0.0 ],
        "cubes": [
          {
            "origin": [ -8.0, 12.0, -2.0 ],
            "size": [ 4, 12, 4 ],
            "uv": [ 44, 38 ]
          }
        ]
      },
      {
        "name": "rightItem",
        "pivot": [ -6, 15, 1 ],
        "neverRender": true,
        "parent": "rightArm"
      },
      {
        "name": "leftArm",
        "reset": true,
        "mirror": true,
        "pivot": [ 5.0, 22.0, 0.0 ],
        "cubes": [
          {
            "origin": [ 4.0, 12.0, -2.0 ],
            "size": [ 4, 12, 4 ],
            "uv": [ 44, 38 ]
          }
        ]
      },
      {
        "name": "leftItem",
        "neverRender": true,
        "pivot": [ 6.0, 15.0, 1.0 ],
        "parent": "leftArm"
      },
      {
        "name": "rightLeg",
        "reset": true,
        "pivot": [ -2.0, 12.0, 0.0 ],
        "cubes": [
          {
            "origin": [ -4.0, 0.0, -2.0 ],
            "size": [ 4, 12, 4 ],
            "uv": [ 0, 22 ]
          }
        ]
      },
      {
        "name": "leftLeg",
        "reset": true,
        "mirror": true,
        "pivot": [ 2.0, 12.0, 0.0 ],
        "cubes": [
          {
            "origin": [ 0.0, 0.0, -2.0 ],
            "size": [ 4, 12, 4 ],
            "uv": [ 0, 22 ]
          }
        ]
      }
    ]
  }
}