{
  "format_version": "1.8.0",
  "minecraft:client_entity": {
    "description": {
      "identifier": "minecraft:dolphin",
      "materials": { "default": "dolphin" },
      "textures": {
        "default": "textures/entity/dolphin"
      },
      "geometry": {
        "default": "geometry.dolphin"
      },
      "animations": {
        "move": "animation.dolphin.move"
      },
      "animation_controllers": [
        { "general": "controller.animation.dolphin.general" }
      ],
      "render_controllers": [ "controller.render.dolphin" ],
      "spawn_egg": {
        "texture": "spawn_egg",
        "texture_index": 49
      }
    }
  }
}