{
  "format_version": "1.10.0",
  "minecraft:client_entity": {
    "description": {
      "identifier": "minecraft:fireworks_rocket",
      "materials": {
        "default": "fireworks_rocket"
      },
      "textures": {
        "default": "textures/entity/fireworks"
      },
      "geometry": {
        "default": "geometry.fireworks_rocket"
      },
      "animations": {
        "move": "animation.fireworks_rocket.move"
      },
      "scripts": {
        "animate": [
          "move"
        ]
      },
      "render_controllers": [ "controller.render.fireworks_rocket" ]
    }
  }
}
