{
  "format_version": "1.10.0",
  "minecraft:client_entity": {
    "description": {
      "identifier": "minecraft:shulker_bullet",
      "materials": {
        "default": "shulker_bullet"
      },
      "textures": {
        "default": "textures/entity/shulker/spark"
      },
      "geometry": {
        "default": "geometry.shulker_bullet"
      },
      "animations": {
        "move": "animation.shulker_bullet.move"
      },
      "scripts": {
        "animate": [
          "move"
        ]
      },
      "render_controllers": [ "controller.render.shulker_bullet" ]
    }
  }
}
