{
  "format_version": "1.10.0",
  "minecraft:client_entity": {
    "description": {
      "identifier": "minecraft:tnt_minecart",
      "materials": {
        "default": "minecart"
      },
      "textures": {
        "default": "textures/entity/minecart"
      },
      "geometry": {
        "default": "geometry.minecart"
      },
      "scripts": {
        "pre_animation": [
          "variable.hurt = query.hurt_time - query.frame_alpha;"
        ],
        "animate": [
          "move"
        ]
      },
      "animations": {
        "move": "animation.minecart.move.v1.0"
      },
      "render_controllers": [ "controller.render.minecart" ]
    }
  }
}
