{
	"format_version" : "1.8.0",
	"animations" : {
		"animation.enderman.base_pose_v1.0" : {
			"loop" : true,
			"bones" : {
				"body" : {
					"position" : [ "-this", "15.0 - this", "-this" ],
					"rotation" : [ "-this", 0.0, 0.0 ]
				},
				"hat" : {
					"position" : [ 0.0, "-this", 0.0 ]
				},
				"head" : {
					"position" : [ 0.0, "14.0 - this", "-this" ]
				},
				"leftarm" : {
					"position" : [ "5.0 - this", 1.0, "-this" ]
				},
				"leftleg" : {
					"position" : [ 0.0, "6.0 - this", "-this" ]
				},
				"rightarm" : {
					"position" : [ "-5.0 - this", 1.0, "-this" ]
				},
				"rightleg" : {
					"position" : [ 0.0, "6.0 - this", "-this" ]
				}
			}
		},
		"animation.enderman.scary_face_v1.0" : {
			"loop" : true,
			"bones" : {
				"hat" : {
					"position" : [ 0.0, -5.0, 0.0 ]
				},
				"head" : {
					"position" : [ 0.0, 5.0, 0.0 ]
				}
			}
		}
	}
}
