{
	"format_version": "1.8.0",
	"animations": {
		"animation.frog.croak": {
			"animation_length": 3,
			"bones": {
				"croaking_body": {
					"position": {
						"0.0": [0, 0, 0],
						"0.375": [0, 0, 0],
						"0.4167": [0, 0, 0],
						"0.4583": [0, 1, 0],
						"2.9583": [0, 1, 0],
						"3.0": [0, 0, 0]
					},
					"scale": {
						"0.0": [0, 0, 0],
						"0.375": [0, 0, 0],
						"0.4167": [1, 1, 1],
						"0.4583": [1, 1, 1],
						"0.5417": [1.3, 2.1, 1.6],
						"0.625": [1.3, 2.1, 1.6],
						"0.7083": [1, 1, 1],
						"2.25": [1, 1, 1],
						"2.3333": [1.3, 2.1, 1.6],
						"2.4167": [1.3, 2.1, 1.6],
						"2.5": [1, 1, 1],
						"2.5833": [1, 1, 1],
						"2.6667": [1.3, 2.1, 1.6],
						"2.875": [1.3, 2.1, 1.8],
						"2.9583": [1, 1, 1],
						"3.0": [0, 0, 0]
					}
				}
			}
		},
		"animation.frog.walk": {
			"loop": true,
			"animation_length": 1.25,
			"bones": {
				"left_arm": {
					"rotation": {
						"0.0": [0, -5, 0],
						"0.2917": [7.5, -2.67, -7.5],
						"0.625": [0, 0, 0],
						"0.7917": [22.5, 0, 0],
						"1.125": [-45, 0, 0],
						"1.25": [0, -5, 0]
					},
					"position": {
						"0.0": [0, 0.1, -2],
						"0.2917": [-0.5, -0.25, -0.13],
						"0.625": [-0.5, 0.1, 2],
						"0.9583": [0.5, 1, -0.11],
						"1.25": [0, 0.1, -2]
					}
				},
				"right_arm": {
					"rotation": {
						"0.0": [0, 0, 0],
						"0.125": [22.5, 0, 0],
						"0.4583": [-45, 0, 0],
						"0.625": [0, 5, 0],
						"0.9583": [7.5, 2.33, 7.5],
						"1.25": [0, 0, 0]
					},
					"position": {
						"0.0": [0.5, 0.1, 2],
						"0.2917": [-0.5, 1, 0.12],
						"0.625": [0, 0.1, -2],
						"0.9583": [0.5, -0.25, -0.13],
						"1.25": [0.5, 0.1, 2]
					}
				},
				"left_leg": {
					"rotation": {
						"0.0": [0, 0, 0],
						"0.1667": [0, 0, 0],
						"0.2917": [45, 0, 0],
						"0.625": [-45, 0, 0],
						"0.7917": [0, 0, 0],
						"1.25": [0, 0, 0]
					},
					"position": {
						"0.0": [0, 0.1, 1.2],
						"0.1667": [0, 0.1, 2],
						"0.4583": [0, 2, 1.06],
						"0.7917": [0, 0.1, -1],
						"1.25": [0, 0.1, 1.2]
					}
				},
				"right_leg": {
					"rotation": {
						"0.0": [-33.75, 0, 0],
						"0.0417": [-45, 0, 0],
						"0.1667": [0, 0, 0],
						"0.7917": [0, 0, 0],
						"0.9583": [45, 0, 0],
						"1.25": [-33.75, 0, 0]
					},
					"position": {
						"0.0": [0, 1.14, 0.11],
						"0.1667": [0, 0.1, -1],
						"0.7917": [0, 0.1, 2],
						"1.125": [0, 2, 0.95],
						"1.25": [0, 1.14, 0.11]
					}
				},
				"body": {
					"rotation": {
						"0.0": [0, 5, 0],
						"0.2917": [-7.5, 0.33, 7.5],
						"0.625": [0, -5, 0],
						"0.9583": [-7.5, 0.33, -7.5],
						"1.25": [0, 5, 0]
					}
				}
			}
		},
		"animation.frog.jump": {
			"loop": "hold_on_last_frame",
			"animation_length": 0.375,
			"bones": {
				"body": {
					"rotation": {
						"0.0": [0, 0, 0],
						"0.25": [-20, 0, 0]
					},
					"position": {
						"0.0": [0, 0, 0],
						"0.25": [0, 0, 0]
					}
				},
				"left_arm": {
					"rotation": {
						"0.0": [0, 0, 0],
						"0.25": [-56.14, 0, 0]
					},
					"position": {
						"0.0": [0, 0, 0],
						"0.25": [0, 1, 0]
					}
				},
				"right_arm": {
					"rotation": {
						"0.0": [0, 0, 0],
						"0.25": [-56.14, 0, 0]
					},
					"position": {
						"0.0": [0, 0, 0],
						"0.25": [0, 1, 0]
					}
				},
				"left_leg": {
					"rotation": {
						"0.0": [0, 0, 0],
						"0.25": [45, 0, 0]
					},
					"position": {
						"0.0": [0, 0, 0],
						"0.25": [0, 0, 0]
					}
				},
				"right_leg": {
					"rotation": {
						"0.0": [0, 0, 0],
						"0.25": [45, 0, 0]
					},
					"position": {
						"0.0": [0, 0, 0],
						"0.25": [0, 0, 0]
					}
				}
			}
		},
		"animation.frog.tongue": {
			"animation_length": 0.5,
			"bones": {
				"head": {
					"rotation": {
						"0.0": [0, 0, 0],
						"0.0833": [-60, 0, 0],
						"0.4167": [-60, 0, 0],
						"0.5": [0, 0, 0]
					},
					"scale": {
						"0.0": [1, 1, 1],
						"0.0833": [0.998, 1, 1],
						"0.4167": [0.998, 1, 1],
						"0.5": [1, 1, 1]
					}
				},
				"tongue": {
					"rotation": {
						"0.0": [0, 0, 0],
						"0.0833": [0, 0, 0],
						"0.4167": [-18, 0, 0],
						"0.5": [0, 0, 0]
					},
					"scale": {
						"0.0833": [1, 1, 1],
						"0.1667": [0.5, 1, 5],
						"0.4167": [1, 1, 1]
					}
				}
			}
		},
		"animation.frog.swim": {
			"loop": true,
			"animation_length": 1.04167,
			"bones": {
				"body": {
					"rotation": {
						"0.0": {
							"post": [0, 0, 0],
							"lerp_mode": "catmullrom"
						},
						"0.3333": {
							"post": [10, 0, 0],
							"lerp_mode": "catmullrom"
						},
						"0.6667": {
							"post": [-10, 0, 0],
							"lerp_mode": "catmullrom"
						},
						"1.0417": {
							"post": [0, 0, 0],
							"lerp_mode": "catmullrom"
						}
					}
				},
				"left_arm": {
					"rotation": {
						"0.0": {
							"post": [90, 22.5, 0],
							"lerp_mode": "catmullrom"
						},
						"0.4583": {
							"post": [45, 22.5, 0],
							"lerp_mode": "catmullrom"
						},
						"0.6667": {
							"post": [-22.5, -22.5, -22.5],
							"lerp_mode": "catmullrom"
						},
						"0.875": {
							"post": [-45, -22.5, 0],
							"lerp_mode": "catmullrom"
						},
						"0.9583": {
							"post": [22.5, 0, 22.5],
							"lerp_mode": "catmullrom"
						},
						"1.0417": {
							"post": [90, 22.5, 0],
							"lerp_mode": "catmullrom"
						}
					},
					"position": {
						"0.0": {
							"post": [0, -0.64, 2],
							"lerp_mode": "catmullrom"
						},
						"0.4583": {
							"post": [0, -0.64, 0],
							"lerp_mode": "catmullrom"
						},
						"0.6667": {
							"post": [0, 0, 0],
							"lerp_mode": "catmullrom"
						},
						"0.875": {
							"post": [0, -0.27, -1.14],
							"lerp_mode": "catmullrom"
						},
						"0.9583": {
							"post": [0, -1.45, 0.43],
							"lerp_mode": "catmullrom"
						},
						"1.0417": {
							"post": [0, -0.64, 2],
							"lerp_mode": "catmullrom"
						}
					}
				},
				"right_arm": {
					"rotation": {
						"0.0": {
							"post": [90, -22.5, 0],
							"lerp_mode": "catmullrom"
						},
						"0.4583": {
							"post": [45, -22.5, 0],
							"lerp_mode": "catmullrom"
						},
						"0.6667": {
							"post": [-22.5, 22.5, 22.5],
							"lerp_mode": "catmullrom"
						},
						"0.875": {
							"post": [-45, 22.5, 0],
							"lerp_mode": "catmullrom"
						},
						"0.9583": {
							"post": [22.5, 0, -22.5],
							"lerp_mode": "catmullrom"
						},
						"1.0417": {
							"post": [90, -22.5, 0],
							"lerp_mode": "catmullrom"
						}
					},
					"position": {
						"0.0": {
							"post": [0, -0.64, 2],
							"lerp_mode": "catmullrom"
						},
						"0.4583": {
							"post": [0, -0.64, 0],
							"lerp_mode": "catmullrom"
						},
						"0.6667": {
							"post": [0, 0, 0],
							"lerp_mode": "catmullrom"
						},
						"0.875": {
							"post": [0, -0.27, -1.14],
							"lerp_mode": "catmullrom"
						},
						"0.9583": {
							"post": [0, -1.45, 0.43],
							"lerp_mode": "catmullrom"
						},
						"1.0417": {
							"post": [0, -0.64, 2],
							"lerp_mode": "catmullrom"
						}
					}
				},
				"left_leg": {
					"rotation": {
						"0.0": {
							"post": [90, 0, 0],
							"lerp_mode": "catmullrom"
						},
						"0.25": {
							"post": [90, 0, 0],
							"lerp_mode": "catmullrom"
						},
						"0.4583": {
							"post": [67.5, -45, 0],
							"lerp_mode": "catmullrom"
						},
						"0.7917": {
							"post": [90, 45, 0],
							"lerp_mode": "catmullrom"
						},
						"0.9583": {
							"post": [90, 0, 0],
							"lerp_mode": "catmullrom"
						},
						"1.0417": {
							"post": [90, 0, 0],
							"lerp_mode": "catmullrom"
						}
					},
					"position": {
						"0.0": {
							"post": [-2.5, 0, 1],
							"lerp_mode": "catmullrom"
						},
						"0.25": {
							"post": [-2, 0, 1],
							"lerp_mode": "catmullrom"
						},
						"0.4583": {
							"post": [1, -2, -1],
							"lerp_mode": "catmullrom"
						},
						"0.7917": {
							"post": [0.58, 0, -2.83],
							"lerp_mode": "catmullrom"
						},
						"0.9583": {
							"post": [-2.5, 0, 1],
							"lerp_mode": "catmullrom"
						},
						"1.0417": {
							"post": [-2.5, 0, 1],
							"lerp_mode": "catmullrom"
						}
					}
				},
				"right_leg": {
					"rotation": {
						"0.0": {
							"post": [90, 0, 0],
							"lerp_mode": "catmullrom"
						},
						"0.25": {
							"post": [90, 0, 0],
							"lerp_mode": "catmullrom"
						},
						"0.4583": {
							"post": [67.5, 45, 0],
							"lerp_mode": "catmullrom"
						},
						"0.7917": {
							"post": [90, -45, 0],
							"lerp_mode": "catmullrom"
						},
						"0.9583": {
							"post": [90, 0, 0],
							"lerp_mode": "catmullrom"
						},
						"1.0417": {
							"post": [90, 0, 0],
							"lerp_mode": "catmullrom"
						}
					},
					"position": {
						"0.0": {
							"post": [2.5, 0, 1],
							"lerp_mode": "catmullrom"
						},
						"0.25": {
							"post": [2, 0, 1],
							"lerp_mode": "catmullrom"
						},
						"0.4583": {
							"post": [-1, -2, -1],
							"lerp_mode": "catmullrom"
						},
						"0.7917": {
							"post": [-0.58, 0, -2.83],
							"lerp_mode": "catmullrom"
						},
						"0.9583": {
							"post": [2.5, 0, 1],
							"lerp_mode": "catmullrom"
						},
						"1.0417": {
							"post": [2.5, 0, 1],
							"lerp_mode": "catmullrom"
						}
					}
				}
			}
		},
		"animation.frog.idle.water": {
			"loop": true,
			"animation_length": 3,
			"bones": {
				"body": {
					"rotation": {
						"0.0": {
							"post": [0, 0, 0],
							"lerp_mode": "catmullrom"
						},
						"1.625": {
							"post": [-10, 0, 0],
							"lerp_mode": "catmullrom"
						},
						"3.0": {
							"post": [0, 0, 0],
							"lerp_mode": "catmullrom"
						}
					}
				},
				"left_arm": {
					"rotation": {
						"0.0": {
							"post": [0, 0, -22.5],
							"lerp_mode": "catmullrom"
						},
						"2.2083": {
							"post": [0, 0, -45],
							"lerp_mode": "catmullrom"
						},
						"3.0": {
							"post": [0, 0, -22.5],
							"lerp_mode": "catmullrom"
						}
					},
					"position": {
						"0.0": {
							"post": [-1, 0, 0],
							"lerp_mode": "catmullrom"
						},
						"2.2083": {
							"post": [-1, -0.5, 0],
							"lerp_mode": "catmullrom"
						},
						"3.0": {
							"post": [-1, 0, 0],
							"lerp_mode": "catmullrom"
						}
					}
				},
				"right_arm": {
					"rotation": {
						"0.0": {
							"post": [0, 0, 22.5],
							"lerp_mode": "catmullrom"
						},
						"2.2083": {
							"post": [0, 0, 45],
							"lerp_mode": "catmullrom"
						},
						"3.0": {
							"post": [0, 0, 22.5],
							"lerp_mode": "catmullrom"
						}
					},
					"position": {
						"0.0": {
							"post": [1, 0, 0],
							"lerp_mode": "catmullrom"
						},
						"2.2083": {
							"post": [1, -0.5, 0],
							"lerp_mode": "catmullrom"
						},
						"3.0": {
							"post": [1, 0, 0],
							"lerp_mode": "catmullrom"
						}
					}
				},
				"left_leg": {
					"rotation": {
						"0.0": {
							"post": [22.5, -22.5, 0],
							"lerp_mode": "catmullrom"
						},
						"1.0": {
							"post": [22.5, -22.5, -45],
							"lerp_mode": "catmullrom"
						},
						"3.0": {
							"post": [22.5, -22.5, 0],
							"lerp_mode": "catmullrom"
						}
					},
					"position": {
						"0.0": {
							"post": [0, 0, 1],
							"lerp_mode": "catmullrom"
						},
						"1.0": {
							"post": [0, -1, 1],
							"lerp_mode": "catmullrom"
						},
						"3.0": {
							"post": [0, 0, 1],
							"lerp_mode": "catmullrom"
						}
					}
				},
				"right_leg": {
					"rotation": {
						"0.0": {
							"post": [22.5, 22.5, 0],
							"lerp_mode": "catmullrom"
						},
						"1.0": {
							"post": [22.5, 22.5, 45],
							"lerp_mode": "catmullrom"
						},
						"3.0": {
							"post": [22.5, 22.5, 0],
							"lerp_mode": "catmullrom"
						}
					},
					"position": {
						"0.0": {
							"post": [0, 0, 1],
							"lerp_mode": "catmullrom"
						},
						"1.0": {
							"post": [0, -1, 1],
							"lerp_mode": "catmullrom"
						},
						"3.0": {
							"post": [0, 0, 1],
							"lerp_mode": "catmullrom"
						}
					}
				}
			}
		}
	}
}