{
	"format_version" : "1.8.0",
	"animations" : {
		"animation.minecart.move.v1.0" : {
			"loop" : true,
			"bones" : {
				"root" : {
					"position" : [ "variable.rail_offset.x / query.model_scale", "variable.rail_offset.y / query.model_scale - 18.5", "variable.rail_offset.z / query.model_scale" ],
					"rotation" : [ "variable.hurt > 0 ? -Math.sin(variable.hurt * 360 / (Math.pi * 2)) * variable.hurt * (((20 * 2 - query.structural_integrity) - query.frame_alpha) < 0 ? 0: (20 * 2 - query.structural_integrity) - query.frame_alpha) / 10 * query.hurt_direction : 0", 0.0, "-variable.rail_rotation.z" ]
				}
			}
		}
	}
}
